{
  "agent": "a2c",
  "seed": 42,
  "metrics": {
    "mean_cost": 18475.2,
    "std_cost": 574.074594456156,
    "mean_reward": -18475.2,
    "std_reward": 574.074594456156,
    "mean_service_level": 0.6878769465777627,
    "std_service_level": 0.011228955619044585,
    "mean_stockout_steps": 153.82,
    "stockout_rate": 0.7691
  }
}